Timestamp,X0,X1,X2,X3,X4,X5,X6,X7,X8,X9,X10,X11,X12,X13,X14,X15,X16,X17,X18,X19,X20,X21,Y1,Y2
10/12/2020,492.8649312,141.2145292,478.2146784,7.198607716,6.611913041,7.315930151,42.98461445,111.5251015,40.48970991,1.197368421,3.31,42.9755731,15.5,102.7575917,1.097587719,111.7132871,0.889130336,139.9297685,7.248995463,-415.6575142,691.3648814,3.405,3.31,0.19
10/13/2020,291.9519607,318.9924896,677.6043306,6.987275416,6.705580892,11.6488473,33.76008345,101.3493741,30.30729163,0,5.42,33.76344875,15.5,91.94441921,0,101.3700125,0.921953294,,,-367.0148818,435.4884562,5.615,5.42,0.35
10/14/2020,276.2931158,295.0313889,718.5245038,6.749220826,6.705202328,12.20804045,32.90111111,100.5998611,29.50806104,0.018333333,6.46,32.90264665,15.5,91.10156949,0.016805556,100.6017572,0.921820796,,,-374.1425,395.0491667,6.7,6.46,0.43
10/15/2020,263.469738,347.8343533,706.5121274,6.764785832,6.605863555,12.98100611,30.76926287,98.99582754,28.85791604,1.2,6.49,30.74996328,15.5,90.41167188,1.1,99.01793124,0.887052227,,,-350.0358832,358.8093185,6.685,6.49,0.41
10/16/2020,257.0111453,308.6441509,742.2718947,7.2311396,6.708632604,12.88259566,31.95207547,99.51792453,28.53041217,1.2,7.63,31.96267791,15.5,90.06423894,1.1,99.4933356,0.923224536,344.2506887,13.95358353,-45.34415094,429.4656604,7.85,7.63,0.39
10/19/2020,242.4811993,339.759564,771.2856646,7.086848101,6.708788805,12.1674798,31.18839662,98.72109705,27.79396421,1.2,8.24,31.19445506,15.5,89.28323129,1.1,98.7514218,0.923030591,339.6753165,12.19140053,-225.9070323,445.9309423,8.445,8.24,0.42
10/20/2020,689.2481263,171.4336842,480.2659642,7.154147368,6.684713705,12.75465779,48.22842105,118.3795789,50.44174653,1.053894737,8.68,48.31294758,15.5,113.0608806,1.1,118.4963613,0.914789006,171.4311579,12.75578825,-52.50610526,1037.390526,8.955,8.68,0.46
10/21/2020,676.7136547,112.8162105,396.68548,7.227107368,6.572834337,13.17103307,48.66842105,119.0370526,49.80769684,1.131368421,3.33,49.06218484,15.5,112.3647116,1.1,119.0788379,0.875489981,112.8345263,13.17103469,-77.09705263,1015.372421,3.52,3.33,0.48
10/22/2020,669.0009705,110.0067511,409.2333059,7.251525316,6.58682019,8.685263038,51.88523207,119.4993671,49.41226097,1.2,2.72,52.12999768,15.5,112.1910759,1.1,119.4567679,0.88039435,109.9968354,8.684882194,-137.9107595,1003.486076,2.9,2.72,0.33
10/23/2020,501.9761958,107.8997895,460.2120968,7.307202105,6.614273032,7.774772021,43.88547368,112.8772632,40.94989095,1.2,2.91,43.87805937,15.5,103.2421227,1.1,112.8012295,0.889996897,107.8869474,7.774909811,-169.3307368,772.7892632,3.025,2.91,0.28
10/26/2020,729.4913638,140.6476877,390.3302375,7.126570226,6.460519658,12.12869408,50.03084534,116.6813938,51.20489823,1.195144158,2.45,50.56429544,15.5,112.5145845,1.095548811,116.7749799,0.836172017,101.7190633,6.780196945,-104.5212492,1040.240568,2.53,2.45,0.21
10/27/2020,888.6323161,99.16069444,228.7392144,6.979754175,6.366819117,11.86395086,56.08722222,119.9668056,59.51266042,1.2,1.8,56.82361611,15.5,119.9630033,1.1,120,0.803386681,0,0,116.1302778,1294.641111,1.97,1.8,0.38
10/28/2020,762.9767271,97.31372549,300.9856952,7.067843164,6.528473474,9.157663758,53.05597148,118.2541889,54.04386474,1.2,1.31,54.54777002,15.5,115.293175,1.1,118.1711725,0.859969688,49.21818182,5.211170232,115.2472371,1152.377718,1.39,1.31,0.23
10/29/2020,487.3918095,100.8647186,493.914263,7.247848485,6.668042771,7.98535171,40.85324675,103.7160173,40.20702121,1.112337662,2.14,40.83903485,15.5,102.45114,1.012337662,103.7324498,0.908822965,100.8777056,7.985359827,99.22316017,738.5,2.255,2.14,0.26
10/30/2020,391.3783418,144.2729958,574.8782173,7.103244726,6.536046435,10.03624612,33.60907173,97.14535865,35.34369451,1.1,3.24,33.59807468,15.5,97.29386646,1,97.29386646,0.862613422,144.2972574,10.03648082,-61.50126582,641.7738397,3.38,3.24,0.23
11/2/2020,678.3104241,229.9722333,489.1894264,7.044557896,6.393954728,12.64431831,44.24319061,110.9790035,49.42958105,1.1,3.71,44.31777605,15.5,111.1603789,1,110.8801437,0.812886063,229.9678457,12.66439765,-59.32144792,1003.561154,3.905,3.71,0.31
11/3/2020,390.7753477,308.3375527,578.4848481,7.083672996,6.626641456,8.268982131,35.54915612,97.38902954,35.45006224,1.1,2.15,35.54521814,15.5,97.30626477,1,97.39308122,0.894447876,308.328692,8.269116709,99.58881857,649.2943038,2.305,2.15,0.42
11/4/2020,352.7920232,217.2991561,570.961154,7.003035865,6.711826983,6.011150591,34.06919831,95.2035865,33.38773291,1.1,3.44,34.07819346,15.5,95.21877046,1,95.22856603,0.924138797,217.3086498,6.010807679,113.1476793,607.1052743,3.605,3.44,0.38
11/5/2020,322.2176983,327.078903,744.9152447,7.52871519,6.814592532,9.760412511,33.59599156,93.59050633,31.83536962,1.1,6.21,33.59950443,15.5,93.57050105,1,93.57068038,0.957433525,327.128481,9.761194916,155.3329114,553.5181435,6.395,6.21,0.38
11/6/2020,288.6153565,390.8162447,703.8022806,7.456310127,6.761967447,7.736178291,31.30168776,91.72763713,30.13181456,1.1,5.88,31.28903797,15.5,91.76331561,1,91.76298523,0.941105004,390.8940928,7.736328755,172.9253165,508.6683544,6.16,5.88,0.53
11/9/2020,275.9110851,438.9227474,714.374102,7.411405105,6.722944752,8.972540912,30.33030691,91.08446502,29.4888196,1.1,7.91,30.32001184,15.5,91.08177147,1,91.08422521,0.92775116,438.954879,8.972923403,116.6342518,487.3143241,8.2,7.91,0.49
11/10/2020,268.3415738,413.6318565,799.0314325,7.178810127,6.792455169,6.785859072,30.51223629,90.6742616,29.10534662,1.1,7.71,30.52151519,15.5,90.67351624,1,90.67279219,0.949887295,413.6628692,6.785492827,-205.7369198,473.5031646,7.92,7.71,0.41
11/11/2020,295.1271537,405.0225263,830.4780779,7.087995789,6.844074379,9.667610842,32.53747368,92.19515789,30.4606,1.1,7.64,32.50289474,15.5,92.11162126,1,92.11162126,0.968770215,404.8987368,9.668316126,-254.5648421,508.0993684,7.86,7.64,0.44
11/12/2020,319.3730804,190.0919643,749.728375,7.404053571,6.730323929,16.32950357,32.44017857,93.18303571,31.692475,1.1,8.03,32.52601161,15.5,93.41954554,1,93.262625,0.92588808,190.1482143,16.32785804,-264.2741071,536.6008929,8.23,8.03,0.46
11/13/2020,329.631821,268.0879913,759.6095546,7.225766376,6.829155917,13.01692664,34.46550218,93.96048035,32.21187162,1.1,7.98,34.49169148,15.5,93.97067838,1,94.0936845,0.960082415,268.1100437,13.01616762,-198.4181223,560.4766376,8.415,7.98,0.52
11/16/2020,611.0878265,178.5112806,446.8446095,6.756398416,6.641804775,9.723317545,45.55705441,108.4413261,46.3972465,1.099929677,4.49,46.10739163,15.5,108.3794637,1,108.3797436,0.899630673,178.5217365,9.724153184,-130.4410446,956.7940626,4.635,4.49,0.42
11/17/2020,490.3638418,141.1056962,545.8162004,6.133932489,6.693150675,7.812557405,40.92130802,102.6687764,40.36264895,1.1,3.3,40.92976414,15.5,102.6194139,1,102.6198084,0.917714719,141.0917722,7.81249365,-123.7795359,799.8360759,3.4,3.3,0.35
11/18/2020,396.6934547,156.9155789,778.6777495,5.760204211,6.642473221,12.00180613,35.70126316,97.47221053,35.61294084,1.1,3.58,35.70184232,15.5,97.58104463,1,97.58104463,0.89986352,156.9269474,11.99990381,-64.09178947,679.2581053,3.69,3.58,0.28
11/19/2020,365.6975768,184.9682105,704.0463726,7.014877895,6.494100632,16.12695709,32.56715789,95.92526316,34.04072568,1.1,4.97,32.57347137,15.5,95.91204147,1,96.00485768,0.847933562,184.9456842,16.12787794,63.28231579,638.3797895,5.205,4.97,0.32
11/20/2020,337.3289177,188.0257384,862.6498755,7.308177215,6.356483186,19.12206804,28.66919831,92.68523207,32.60361835,1.1,5.44,28.66964241,15.5,94.38788544,1,92.74488312,0.799768114,188.0297468,19.12250977,-72.71772152,605.5010549,5.77,5.44,0.46
11/23/2020,354.0076488,206.4268192,675.120212,7.027316003,6.36156468,14.58185599,30.13649449,94.72910208,33.44958594,1.126736842,5.05,30.14406885,15.5,95.28261668,1,94.7379386,0.801338477,206.4187015,14.5817307,-196.3518835,620.5840283,5.415,5.05,0.46
11/24/2020,289.0332595,269.9757384,629.999557,6.996959916,6.777655127,10.8436397,34.72848101,91.87594937,30.15457595,1.2,7.63,34.73239409,15.5,91.78795042,1,91.78795042,0.943797456,269.9877637,10.8449165,-207.1639241,542.0118143,7.945,7.63,0.45
11/25/2020,283.1915717,281.2548523,789.2779536,6.927611814,6.708817363,9.052292722,33.24324895,91.48270042,29.85740148,1.2,7.55,33.25494262,15.5,91.47295422,1,91.49356414,0.922394373,280.9810127,9.05135308,-228.2318565,529.4510549,7.815,7.55,0.43
11/26/2020,266.058289,284.0495781,847.5941878,7.39864346,6.74515308,6.763520443,32.68839662,90.54240506,28.98934473,1.2,7.23,32.68129578,15.5,90.55066034,1,90.57085232,0.935808747,284.0529536,6.764010844,-123.0417722,480.0799578,7.46,7.23,0.46
11/27/2020,252.8464448,305.7105263,816.2483789,7.26936,6.766878674,6.728377158,32.14568421,89.83536842,28.31888421,1.2,6.33,32.172988,15.5,89.83860779,1,89.83798926,0.942746238,305.7501053,6.7283116,-151.2326316,433.1861053,6.46,6.33,0.39
11/30/2020,314.043239,312.5438819,798.0805408,6.679021097,6.704207011,10.29365602,35.00316456,93.2625879,31.42304353,1.2,7.22,35.1220327,15.5,93.13201252,1,93.28945963,0.921261769,312.6770745,10.29328196,-175.5797468,514.7839662,7.4,7.22,0.42
12/1/2020,390.2737236,180.1242616,717.4749494,5.892474684,6.7623,9.195120527,39.88417722,97.12320675,35.28854135,1.2,2.76,39.89278734,15.5,97.23610992,1,97.23610992,0.94145561,180.1257384,9.200929135,-168.2010549,655.5459916,3.025,2.76,0.51
12/2/2020,480.6096962,182.5761603,718.8432468,6.167723629,6.72987057,8.430797089,44.41561181,102.0850211,39.86792637,1.2,5.73,44.41896224,15.5,102.0934979,1,102.0915865,0.92880931,182.578903,8.430789747,-194.5364979,700.9314346,5.885,5.73,0.27
12/3/2020,461.8687221,165.5753684,606.4953684,7.056113684,6.605123326,7.736783726,41.64294737,101.1671579,38.914644,1.2,4.41,41.62798253,15.5,101.0838257,1,101.1059008,0.886790817,165.6002105,7.737081642,-19.47642105,640.2362105,4.535,4.41,0.36
12/4/2020,358.1762363,171.2014768,411.499097,7.038293249,6.5655977,10.26916359,35.55949367,95.48902954,33.65854979,1.2,3.6,35.55734008,15.5,95.50749409,1,95.50640675,0.872963608,171.1936709,10.26907291,-105.8751055,599.3459916,3.75,3.6,0.36
12/7/2020,384.5190784,168.3788279,604.8725128,6.534046313,6.252570582,12.03671591,32.05897461,96.88447642,34.99504883,1.2,4.46,32.05550997,15.5,96.92334037,1,96.90848287,0.763398514,168.3832438,12.03692204,-341.8128362,641.8602764,4.69,4.46,0.34
12/8/2020,671.9016139,172.9225738,485.7874494,6.167449367,6.44034154,12.36744557,50.2257384,116.3666667,49.55852046,1.287763713,4.31,51.69776013,15.5,111.9700006,1.152320675,116.198161,0.829123635,172.9506329,12.36598454,-105.1468354,1013.852954,4.58,4.31,0.41
12/9/2020,524.87073,152.1021097,808.1535253,7.278270042,6.680957194,6.002030042,49.81835443,119.8801688,42.11014262,1.3,3.41,49.90850844,15.5,104.4726939,1.2,119.8257321,0.913345863,152.0706751,6.001718122,-225.0588608,809.5232068,3.615,3.41,0.42
12/10/2020,545.9178861,144.7272152,468.9305232,7.356957806,6.635648776,6.795489051,47.0742616,106.9700422,43.17808523,1.211603376,3.08,47.15427363,15.5,105.6075451,1.024050633,106.9519382,0.897483502,144.7156118,6.795285759,-32.03755274,811.5495781,3.18,3.08,0.26
12/11/2020,398.6119937,150.0785263,683.8175621,7.222583158,6.672843032,9.991461011,39.22421053,97.544,35.70983432,1.2,3.16,39.21153032,15.5,97.68248968,1,97.68248968,0.910499931,150.0749474,9.992190021,-161.2781053,679.7722105,3.25,3.16,0.32
12/14/2020,420.2373727,190.514346,559.1242293,7.130924051,6.58909545,9.307618404,38.41202532,98.60168776,36.74628221,1.2,6.09,38.78139859,15.5,98.62874311,1,98.62873896,0.881172369,190.5254571,9.307643572,-437.3848101,721.550211,6.23,6.09,0.29
12/15/2020,892.7418439,177.835443,298.2220338,7.07506962,6.590882954,14.27335722,54.52869198,117.1443038,56.50970549,1.2,4.88,57.06460253,15.5,117.4101329,1,117.4101329,0.881811926,177.8278481,14.27402464,-399.0124473,1192.852532,5.065,4.88,0.38
12/16/2020,491.5899768,129.8248945,553.0421076,7.089546414,6.558846414,8.217007722,42.40843882,102.7314346,40.42265802,1.2,1.78,42.39206624,15.5,102.6841525,1,102.6836082,0.870596386,129.8398734,8.216853165,-405.0084388,721.4122363,1.87,1.78,0.45
12/17/2020,657.0077679,130.5240506,430.615462,7.353094937,6.644163291,9.273948565,50.20485232,110.9438819,48.66892616,1.2,2.86,51.17648228,15.5,110.9256785,1,110.9256785,0.898947705,130.528692,9.272106139,-33.92637131,928.8419831,2.99,2.86,0.27
12/18/2020,607.2464958,118.5350211,432.1527068,7.413940928,6.472575612,8.139828882,46.81751055,109.0514768,46.28628671,1.2,2.79,46.85437468,15.5,108.9084928,1,108.9070646,0.840403278,118.5449367,8.140281582,32.32172996,854.2656118,2.925,2.79,0.36
12/21/2020,557.5187398,119.0471206,486.9116784,7.053559312,6.256369326,9.782571721,44.45166807,106.2985523,43.76370646,1.2,2.4,44.46623878,15.5,106.2291085,1,106.2720542,0.862334225,119.0411608,9.782322742,-234.977996,793.9585442,2.525,2.4,0.28
12/22/2020,456.2194789,143.0162447,751.351403,7.136061181,6.569060992,7.790640654,46.39493671,100.842827,38.63081076,1.2,3.37,46.35620886,15.5,100.7809382,1,100.7793622,1,143.0419831,7.790685042,-358.7660338,696.5795359,3.48,3.37,0.16
12/23/2020,363.8427874,159.6084211,934.4411179,6.675616842,6.601784653,7.843339705,40.84105263,95.91663158,33.946376,1.2,3.43,40.82827495,15.5,95.81020842,1,95.81034021,1.002092695,159.5957895,7.843489495,-386.2166316,603.6353684,3.535,3.43,0.24
1/5/2021,549.1265525,145.3298839,490.1739737,6.783691077,6.692688637,9.171769424,45.75247257,103.6376901,42.04177691,1.2,3.74,47.19387102,15.5,103.466643,1,103.6203512,1.018744471,145.3334544,9.170107498,-116.7526315,796.048875,3.82,7.17,0.2
1/6/2021,287.4758544,231.1236287,684.2677975,7.623202532,7.120301772,6.312306814,38.72658228,91.61919831,30.07259008,1.2,7.17,38.71220464,15.5,91.70060021,1,91.71070633,1.0714277,231.1219409,6.309058249,-245.7985232,513.5236287,7.32,5.68,0.37
1/7/2021,276.0941055,239.5879747,708.8152637,7.277364979,7.094041582,6.330080443,35.45843882,91.12679325,29.49871561,1.124261603,5.68,35.46630506,15.5,91.09221793,1,91.09234494,1.067590717,239.5816456,6.330221266,-338.9962025,481.3253165,5.82,6.68,0.31
1/8/2021,269.5705391,278.4636364,713.7735518,7.457816068,7.084775412,8.955349915,31.40084567,90.6807611,29.16687886,1.009513742,6.68,31.42111628,15.5,90.74010677,1,90.73925243,1.066237146,278.4469345,8.955266406,-353.0401691,476.5930233,6.875,7.75,0.37
1/11/2021,257.1111561,310.2531646,734.3635549,7.625187764,6.899863376,11.05453776,30.13375527,90.53945148,28.53664494,1,7.75,30.14059177,15.5,90.07135148,1,90.51369283,1.039486709,310.2911392,11.05407365,-347.6947257,485.0405063,7.97,8.37,0.41
1/12/2021,249.6367238,361.6696382,780.6445707,7.614314832,7.104527868,8.26828802,30.21786824,89.74614464,28.15683534,1,8.37,30.214863,15.5,89.66688479,1,89.69371792,1.071180957,361.6622068,8.268027239,-378.6837711,454.632439,8.56,7.95,0.42
1/13/2021,249.1685321,367.6965812,830.9359722,7.222754274,7.160945897,7.649421774,30.40662393,89.65470085,28.13467927,1,7.95,30.40824444,15.5,89.64421987,1,89.72341624,1.077367671,367.7935897,7.649174188,-412.2,453.6245726,8.175,7.62,0.44
1/14/2021,248.2152387,457.1336842,832.1953284,7.609709474,7.209160253,10.43802661,28.17347368,89.74884211,28.08559853,0.920842105,7.62,28.18751747,15.5,89.59324337,1,89.75068547,1.084415853,457.1126316,10.43849389,-416.3631579,452.6806316,7.81,8.55,0.41
1/15/2021,238.9927899,425.4616842,765.4384484,7.626644211,7.026627937,11.86322806,27.52463158,89.08084211,27.61942379,0.940210526,8.55,27.50396147,15.5,89.09690211,1,89.09690211,1.057738989,425.4404211,11.86368888,-401.6888421,449.0968421,8.8,8.69,0.46
1/18/2021,228.6101166,378.8940552,880.4400637,7.62826327,7.123450786,12.37079497,28.12271762,89.10191083,27.09002038,0.95,8.69,28.11882548,15.5,88.53648556,1,89.06889278,1.071886051,378.8974522,12.37028775,-341.2471338,441.9494692,9.025,8.85,0.52
1/19/2021,231.1312146,406.9766449,838.781418,7.496251197,7.052824732,11.8144872,27.55926138,88.76602087,27.21953146,0.95,8.85,27.57470649,15.5,88.67170303,1,88.71932736,1.061545274,407.0543259,11.81447437,-387.4038493,446.1113717,9.12,8.22,0.49
1/20/2021,221.1320428,483.9419831,907.3631646,7.547177215,6.955757595,11.09345068,26.66962025,88.12742616,26.71309536,0.950949367,8.22,26.6596192,15.5,88.13455,1,88.13455,1.046722025,483.9312236,11.09471905,-420.6578059,448.6489451,8.625,8.3,0.57
1/21/2021,278.8519301,364.6254737,896.1687432,7.613825263,7.054569958,9.402155768,34.69473684,91.29242105,29.71167347,1.1,8.3,34.73032189,15.5,91.28938779,1,91.31206547,1.061757937,364.6252632,9.402025032,-422.8467368,508.8858947,8.58,8.65,0.52
1/22/2021,1037.500633,243.1742616,419.4957278,7.369774262,6.853759852,14.8510254,55.2685654,138.6147679,59.43216076,1.1,8.65,59.93222722,15.5,131.6232068,1.25,165.9812595,1.035733439,243.2113924,14.85075198,-347.4075949,1282.349789,8.85,2.04,0.48
1/25/2021,927.9821053,146.6547368,335.0279053,7.459322105,6.828551558,15.48329408,49.10989474,142.9534737,57.79801832,0.821157895,2.04,49.40080316,15.5,126.1637726,1.140315789,144.5400821,1.030320189,146.668,15.48243324,-314.6389474,1207.434526,2.165,5.48,0.69
1/26/2021,388.0561257,172.3687463,606.2880616,7.717722372,6.899030431,18.90623845,30.82321104,113.7250489,35.17593312,0.8,5.48,30.82756644,15.5,97.11497456,1.15,113.700233,1.039461308,172.3634106,18.90618786,-383.5048729,643.4413005,5.67,5.81,0.48
1/27/2021,280.364,312.4871579,724.3425347,7.747191579,6.620572947,15.74857773,30.26778947,98.25178947,29.71576926,0.967263158,5.81,30.23528737,15.5,91.32109116,1.069578947,98.22971747,1.004546905,312.6654737,15.74815021,-373.7892632,531.1109474,6.2,5.69,0.49
1/28/2021,275.5668776,338.4883966,731.4621709,7.71371519,6.438118291,20.40179065,31.33080169,102.0746835,29.4718846,1,5.69,31.33029515,15.5,91.06254262,1.1,102.0616519,1,338.3812236,20.40190736,-378.7276371,492.1462025,5.97,6.38,0.5
1/29/2021,265.435865,231.9556962,904.8692489,7.641162447,6.675005,18.7832827,30.78080169,101.0580169,28.95924789,1,6.38,30.80749958,15.5,90.51994599,1.1,100.9595555,1.013204768,231.9565401,18.78430738,-377.5647679,505.742616,6.595,6.3,0.43
2/1/2021,248.7368421,243.2484211,804.0668611,7.442778947,6.603258779,15.71726975,29.63494737,99.28021053,28.11254189,1,6.3,29.63332484,15.5,89.62001663,1.1,99.29427579,1.004849074,243.2543158,15.71686891,-372.5507368,492.4705263,6.6,6.59,0.44
2/2/2021,240.7736915,279.0257736,795.7003666,7.312773677,6.506717284,13.32982383,28.58697076,98.7745537,27.71202392,1,6.59,28.57452449,15.5,89.19064272,1.1,98.77346618,1.021304735,278.9243679,13.32905088,-368.7845121,489.6176134,6.86,7.07,0.44
2/3/2021,221.3651899,378.4449367,802.794308,7.254594937,6.976879114,10.98162175,28.24409283,94.33270042,26.73512511,1,7.07,28.24224093,15.5,88.14872089,1.1,97.07385401,1.050207257,378.3464135,10.98150445,-367.9964135,470.1208861,7.485,8.45,0.55
2/4/2021,217.18925,393.5745,939.873565,7.5132025,7.06769405,13.07036938,28.25325,96.79825,26.51138675,1,8.45,28.247048,15.5,87.9196015,1.1,96.711565,1.06376095,393.57225,13.070868,-363.73925,459.8625,8.805,8.55,0.52
2/5/2021,210.6592827,344.0677215,854.034538,7.326696203,7.033231878,8.911761118,27.7757384,96.33607595,26.19160823,1,8.55,27.78093734,15.5,87.57191329,1.1,96.33013165,1.058703038,344.0339662,8.910894262,-357.5023207,453.3924051,8.915,7.92,0.57
2/8/2021,208.6288421,272.7117895,781.0293558,7.188787368,7.024667537,8.922908695,27.67473684,96.31705263,26.09808484,1,7.92,27.65979284,15.5,87.47237958,1.1,96.21966989,1.057449158,272.7077895,8.923291263,-350.5877895,461.9423158,8.12,7.79,0.43
2/9/2021,218.3495675,255.0391841,692.1383171,7.157758192,6.943355542,9.111849409,27.77006381,96.74273877,26.49957103,1,7.79,27.79034826,15.5,87.98430173,1.1,96.78306253,1.044901705,255.0332849,9.111332606,-338.8777722,468.0425022,8.025,7.98,0.42
2/10/2021,208.6326316,263.6336842,745.4773453,7.042869474,6.996842253,8.096007411,27.57073684,96.272,26.09502674,1,7.98,27.54575663,15.5,87.46383368,1.1,96.21046463,1.053147095,263.656,8.094869053,-334.9755789,468.7174737,8.2,7.99,0.39
2/11/2021,208.0618143,272.1820675,809.6929557,7.508677215,7.097710105,8.750689873,27.89367089,96.24514768,26.06276878,1,7.99,27.89824895,15.5,87.4318135,1.1,96.1844903,1.068281414,272.1940928,8.75046365,-133.3316456,454.7913502,8.21,8.1,0.39
2/12/2021,204.4844211,279.6728421,758.5101179,7.389101053,7.037336842,7.000203179,27.47178947,95.93684211,25.88832,1,8.1,27.47048063,15.5,87.24157642,1.1,95.96574611,1.059303179,279.696,6.999928379,-299.9044211,450.4197895,8.34,8.65,0.41
2/15/2021,200.6873418,273.8607595,768.5673418,7.076223629,7.02071327,7.049826456,27.36518987,95.75084388,25.69759768,1.005485232,8.65,27.36280485,15.5,87.04156814,1.1,95.78681582,1.056870865,273.8666667,7.050066793,-326.0523207,449.7120253,8.865,8.7,0.4
2/16/2021,197.3230184,306.8677003,832.7633236,7.517052666,6.945560764,8.687195517,26.79675283,95.56157969,25.52558419,1.00154386,8.7,26.79187058,15.5,86.85472571,1.1,95.54300167,1.045906142,306.8618108,8.687081732,-386.0483393,445.3726918,8.93,8.62,0.41
2/17/2021,204.9042194,338.171519,852.7147806,7.264156118,6.953002131,12.75632614,27.6035865,96.29156118,25.89887996,1,8.62,27.59899367,15.5,87.26235443,1.1,96.22837932,1.046911772,338.1808017,12.7306485,-417.5481013,459.814346,8.81,8.94,0.42
2/18/2021,207.108,313.0532632,889.1961663,7.048153684,7.004933811,10.63681137,27.52589474,96.16126316,26.01202968,1,8.94,27.53569895,15.5,87.37904547,1.1,96.17995326,1.054553663,313.1231579,10.6364068,-221.3901053,456.1505263,9.285,8.8,0.53
2/19/2021,217.3402954,322.4654008,890.5251772,7.428620253,7.006669072,12.31581259,28.12025316,96.69767932,26.52269008,1,8.8,28.11101435,15.5,87.93165633,1.1,96.72417637,1.05482038,322.457384,12.3163569,-280.1042194,445.457173,9.115,9.24,0.5
2/23/2021,218.7755274,324.7227848,955.0750084,7.412704641,7.033602616,12.75324939,28.25548523,96.82046414,26.59170781,1,9.24,28.22629789,15.5,88.00537426,1.1,96.80590781,1.058694219,324.6765823,12.75386397,-403.9654008,408.4158228,9.62,4.3,0.56
2/24/2021,407.1746904,184.8235262,679.3285831,7.489840825,6.868683984,9.408169253,38.02969087,108.238001,36.14351456,1,5.36,38.03187551,15.5,98.14386058,1.1,108.3801029,1.034384463,184.8160182,9.409025011,-243.7888935,664.6425127,5.43,3.74,0.36
2/25/2021,449.0780591,166.9776371,780.0840105,7.485578059,6.805108544,5.597980253,42.23628692,110.2772152,38.26908502,1.076793249,4.3,42.25647342,15.5,100.3982017,1.1,110.4373565,1.024303207,166.9620253,5.59741538,-294.4883966,717.3862869,4.55,3.02,0.44
2/26/2021,537.6061181,199.642616,476.5407764,7.441090717,6.789179979,5.774314325,47.90548523,115.6542194,42.75592637,1.1,3.74,48.16708608,15.5,105.1612295,1.1,115.6773291,1.023173671,199.6639241,5.774626772,44.62658228,818.206962,3.845,4.01,0.3
3/1/2021,402.3846316,210.9204211,629.1768526,7.413865263,6.861330358,6.1585208,40.95178947,107.5650526,35.89919137,1.1,3.02,40.92082758,15.5,97.88305305,1.1,107.6702469,1.033782884,211.0730526,6.158798989,-7.432,823.9762105,3.085,5.66,0.38
3/1/2021,294.6709474,212.3286316,509.2752484,7.493021053,6.850865537,6.807669263,34.71389474,101.4221053,30.43958126,1.1,4.01,34.70576211,15.5,92.09090926,1.1,101.3773621,1.031871937,212.3109474,6.807762905,0.250526316,733.3290526,4.12,5.66,0.41
3/2/2021,246.9566241,240.5058563,492.6455842,7.242309647,6.657940675,10.64255236,31.68471446,98.79981632,28.02016103,1.1,5.66,31.68149917,15.5,89.52301421,1.1,98.77864932,1.0139941,240.5309252,10.6090391,-270.843205,707.2088656,5.78,7.25,0.31
3/3/2021,246.9566241,240.5058563,492.6455842,7.242309647,6.657940675,10.64255236,31.68471446,98.79981632,28.02016103,1.1,5.66,31.68149917,15.5,89.52301421,1.1,98.77864932,1.0139941,240.5309252,10.6090391,-270.843205,707.2088656,5.78,9.25,0.29
3/4/2021,245.2040084,295.7945148,769.0254198,7.248031646,6.887356835,13.47142344,32.62362869,98.78417722,27.93446139,1.1,7.25,32.61090063,15.5,89.43118882,1.1,98.72357827,1.038602004,295.8373418,13.4715834,-438.6799578,704.5970464,7.62,7.33,0.45
3/5/2021,233.9313684,304.2511579,965.8547832,7.54208,6.956372232,14.48615562,32.91642105,98.59705263,27.36908674,1.1,9.25,32.89921242,15.5,88.82393495,1.1,98.57687326,1.047186316,304.2303158,14.48733276,-417.8368421,635.7107368,9.595,8.35,0.52
3/8/2021,230.1584388,333.1196203,1262.478186,7.458390295,6.88121481,15.49494768,31.86181435,98.14620253,27.17280127,1.1,7.33,31.86783755,15.5,88.61664135,1.1,98.08056414,1.03708154,333.0405063,15.49363186,-402.8455696,522.9259494,7.695,9.12,0.55
3/9/2021,224.3867368,318.5345263,940.8700484,7.558277895,6.761388021,14.38067472,30.82863158,97.27452632,26.88654337,1.1,8.35,30.8123,15.5,88.31086042,1.1,97.27897284,1.020775305,318.5298947,14.38055303,-396.844,552.1454737,8.745,10,0.55
3/10/2021,220.4124582,319.7619249,914.6420808,7.544023535,6.702253434,11.99594406,30.59143667,96.90855074,26.69360268,1.128070175,9.12,30.58583629,15.5,88.10070983,1.1,96.92174649,1.013068613,319.7763444,11.99586532,10.66142512,565.488343,9.43,9.26,0.52
3/11/2021,221.7405063,355.614346,963.7366456,7.565616034,6.696164473,12.24344148,32.97742616,104.5012658,26.75830422,1.2,10,32.97817869,15.5,88.16833017,1.184810127,104.4928289,1.013131181,355.4900844,12.24272819,-42.0685654,580.0683544,10.3,9.22,0.51
3/12/2021,214.0927941,305.8861765,939.2910926,7.557473529,6.778283529,9.867278603,32.48852941,105.2485294,26.35817471,1.2,9.26,32.51209265,15.5,87.75628397,1.2,105.3077107,1.025956985,289.325,9.616094773,-54.38808824,567.1069118,9.63,9.14,0.58
3/15/2021,250.7456,311.1612,1033.38821,7.388816,6.84618978,18.84719682,37.756,110.2842,28.212518,1.2,9.22,37.7717004,15.5,89.7280724,1.2,110.2355344,1.03181804,314.0445755,20.6956763,-180.2356,604.8604,9.55,6.28,0.52
3/16/2021,338.6732068,262.8932489,780.2550506,7.272432489,6.732250928,12.4522173,41.13607595,114.2708861,32.66962215,1.2,9.14,41.17069283,15.5,94.4563616,1.2,114.2042637,1.012997658,262.8940928,12.45404006,-264.1729958,693.9198312,9.745,7.68,0.73
3/17/2021,324.7191203,202.3576004,719.3673978,7.316087817,6.696321997,9.279629083,39.44037205,110.4076214,31.96304284,1.199859353,6.28,39.4279288,15.5,93.70690382,1.175316456,110.4007487,1.016730294,202.3470705,9.279758042,-140.6552293,671.4480419,6.52,6.38,0.49
3/18/2021,299.8223158,229.0229474,757.6714821,7.146288421,6.8334404,6.189819368,38.03221053,109.7098947,30.69843284,1.2,7.68,38.03223937,15.5,92.36398611,1.187368421,109.6712206,1.030195768,229.0368421,6.189387221,16.58505263,641.6408421,7.93,7.49,0.42
3/19/2021,271.4736287,251.4772152,787.1388376,7.480770042,6.810126814,8.731877068,36.27489451,109.0177215,29.26233734,1.2,6.38,36.28078291,15.5,90.8403308,1.2,109.0500549,1.029983755,251.450211,8.73158403,-39.96054852,624.3609705,6.575,7.95,0.41
3/22/2021,277.2316456,312.22173,750.0126181,7.216339662,6.725059557,14.2850562,38.05295359,110.3092827,31.47377637,1.108438819,7.49,38.01835907,7.297166013,91.15138207,1.2,110.3176416,1.017679451,312.243038,14.28351633,-220.1128692,558.6419831,7.715,6.61,0.43
3/23/2021,254.021308,298.6455696,760.2856097,7.296052743,6.757173966,6.649704051,38.49683544,107.9373418,31.7475789,1.185654008,7.95,38.50882215,5.98544,89.90290295,1.2,107.8835084,1.021824494,298.6588608,6.649773608,-111.2972574,608.1495781,8.325,7.36,0.5
3/24/2021,284.8491077,274.3614408,693.6857859,7.382833632,6.663419324,6.819848899,40.03072722,109.085243,32.90803186,1.185035162,6.61,40.08100007,6.27555375,91.55968883,1.1907173,109.0710009,1.012978406,274.3604308,6.819674635,-217.6775508,598.6399793,6.73,9.34,0.3
3/25/2021,320.7391579,312.4208421,642.8523074,7.348943158,6.717811432,10.802582,40.06821053,108.2884211,33.76775558,1.12,7.36,40.04507137,5.397302817,93.48993768,1.15,108.2891429,1.013802547,312.3863158,10.80239743,-255.9877895,648.6334737,7.57,9.25,0.36
3/26/2021,344.1957806,314.0105485,704.7419304,7.446725738,6.987228376,5.999924578,44.21624473,109.0343882,35.89537574,1.169957806,9.34,44.22209557,5.467027654,94.7526692,1.15,108.9998928,1.050713989,314.000211,5.999393523,-318.2172996,685.82173,10.1,5.94,0.76
3/29/2021,323.2625263,247.2073684,707.9298547,7.291477895,6.910666884,11.54148623,46.73536842,107.8061053,35.35925979,1.2,9.25,47.28187768,6.079875726,93.62606884,1.15,107.7528876,1.065053368,247.3972632,11.54017768,-229.7715789,646.4273684,9.765,4.74,0.62
3/30/2021,321.4115139,239.4569296,746.9281684,6.940279318,6.958754883,9.268437228,46.30810235,107.5680171,35.19390533,1.2,5.94,46.45195117,7.058905458,93.52817271,1.15,107.5599307,1.083912772,239.4793177,9.269923369,-266.5963753,678.4923241,6.175,5.54,0.4
3/31/2021,332.7882846,181.673077,689.2987709,6.713703892,6.886254951,4.009587765,46.31615585,108.1008677,36.15403109,1.2,4.74,46.40446569,8.853667064,94.14048828,1.15,108.2612834,1.066857705,181.6600761,4.009758982,-194.6029393,694.8054801,4.855,5.43,0.31
4/6/2021,295.2978903,238.5588608,710.9733165,7.268751055,6.938393059,4.01351057,46.30907173,105.9369198,35.73871055,1.2,5.54,46.38949093,5.716655464,92.12440063,1.15,105.9427584,1.079516266,238.4780591,4.013773291,56.62805907,682.0799578,5.625,6.08,0.24
4/7/2021,275.4170886,227.0909283,698.4303376,7.048757384,6.951828481,4.552986983,44.62679325,104.8774262,34.33362932,1.2,5.43,44.68496624,5.98544,91.05569789,1.15,104.7140629,1.082301646,227.0753165,4.553112532,30.18755274,650.4812236,5.5,8.85,0.24
4/8/2021,224.7636309,275.6334979,788.0471653,7.29499142,6.966104175,5.257660038,40.29581436,101.6162642,30.70635455,1.2,6.08,40.30354331,6.088857347,88.33061098,1.15,101.5889443,1.084786889,275.6278461,5.257738399,-140.0492987,589.1209626,6.15,8.43,0.22
4/9/2021,223.584,331.6195789,1007.013861,7.648732632,7.078211074,9.835596632,40.99873684,101.5054737,29.73986589,1.199578947,8.85,41.00104463,5.960000676,88.26667916,1.15,101.5079935,1.108554547,331.6448421,9.835100211,-370.2433684,578.6263158,9.175,8.85,0.4
4/12/2021,221.157173,344.1761603,996.9691308,7.531525316,7.042500127,7.474324388,38.62869198,101.3843882,29.19092321,1.2,8.43,38.67711055,5.496740844,88.13607489,1.15,101.3554141,1.101131835,344.242616,7.473706266,-398.0936709,575.4280591,8.71,8.7,0.42
4/13/2021,219.664346,325.0016878,1110.218903,7.6397827,7.043629304,9.131593945,40.69873418,101.4101266,29.86812848,1.2,8.85,40.6731654,5.5929997,88.05449979,1.15,101.2830778,1.101368945,325.0305907,9.131301751,-379.1550633,579.007173,9.055,8.18,0.38
4/14/2021,245.4647522,310.4365151,923.202735,7.561043652,7.031204973,8.439308422,39.08115952,102.9528699,31.00961899,1.2,8.7,39.1729519,4.322104045,89.44500564,1.15,102.9408019,1.026565624,310.4130252,8.438013383,-358.1317791,606.6454549,8.9,6.65,0.34
4/15/2021,275.0482105,235.7008421,804.8654674,7.449397895,7.026955916,6.931570821,39.86421053,104.6953684,33.22137705,1.2,8.18,39.86565516,5.98544,91.03452421,1.15,104.6902368,1,235.7210526,6.932005074,-310.0501053,652.3974737,8.49,7.73,0.44
4/16/2021,245.2417722,284.9227848,786.0028671,7.580814346,7.003852046,8.610187363,39.34852321,102.9052743,32.49103819,1.2,6.65,39.37656751,5.98544,89.43138333,1.15,102.8916325,1,284.9156118,8.610890738,-82.88987342,608.7890295,6.795,9.35,0.29
4/19/2021,235.4315789,302.3473684,826.1331705,7.186446316,6.940961474,8.409786505,38.45684211,102.2185263,31.67713326,1.2,7.73,38.43556105,5.98544,88.90217747,1.15,102.2374364,1,302.2873684,8.409082463,-15.84526316,590.5267368,7.91,8.33,0.31
4/20/2021,221.7711579,316.4364211,890.0770126,7.484244211,7.048983684,11.03247135,39.01284211,101.7578947,31.35030484,1.2,9.35,39.00538674,5.912289453,88.16541095,1.15,101.8426884,1,316.4282105,11.03250135,-29.30673684,581.6566316,9.555,10.2,0.34
4/21/2021,215.4630239,321.3672017,959.5996196,7.386102885,7.007392341,9.874106603,37.5310895,101.3888091,30.30543808,1.2,8.33,37.53263951,5.986740751,87.82985232,1.15,101.4069033,1.000215872,321.3642743,9.874209172,-123.8076771,591.1172768,8.545,10.3,0.33
4/22/2021,221.1116034,354.4966245,1076.232511,7.207075949,6.990936245,12.46872205,39.48691983,101.8339662,29.86144135,1.2,10.2,39.52006878,5.814395295,88.13267595,1.15,101.85157,1,354.5297468,12.46977464,-182.7451477,609.5605485,10.46,10.1,0.38
4/23/2021,230.1282105,335.2296842,978.2467874,7.165953684,7.036853432,11.16188183,38.90042105,102.5143158,30.49223074,1.2,10.3,38.88982926,6.035661979,88.61600611,1.15,102.3534476,1.000261011,335.2425263,11.16201549,-201.2985263,706.2008421,10.655,10.7,0.47
4/26/2021,219.8472574,333.1700422,989.0759916,7.574959916,7.059726097,8.795353882,36.42088608,101.2025316,30.23802194,1.2,10.1,36.40662489,5.98544,88.07190253,1.15,101.2821892,1.001051181,333.1812236,8.794915105,-215.3514768,692.2797468,10.395,9.49,0.42
4/27/2021,209.8652632,344.7821053,921.11332,7.433547368,7.053851895,11.33042328,37.58863158,101.0551579,28.97371284,1.2,10.7,37.61458232,5.940044154,87.53568147,1.15,101.0790571,1,344.7757895,11.33030307,-256.9570526,684.5075789,10.935,10.3,0.37
4/28/2021,208.0179759,346.9581723,926.8141863,7.365735714,7.000037999,10.93597595,36.25179362,100.6563966,28.50904774,1.2,9.49,36.29884912,5.898326625,87.42983337,1.15,100.6088267,1.00132185,346.9896601,10.9367595,-291.4150097,674.113653,9.77,10.03,0.41
4/29/2021,212.8252632,382.1258947,950.0930695,7.584692632,7.005869495,13.60799347,41.66757895,101.9547368,29.98472484,1.2,10.3,41.61481074,5.011460331,87.69887116,1.15,101.8518857,1,382.1107368,13.60740349,-92.85115789,617.2256842,10.66,10.4,0.47
4/30/2021,204.6225738,386.0327004,967.9851835,7.66564346,7.053839409,10.64733359,37.35042194,100.3962025,29.96855802,1.2,10.03,37.27185591,4.441445131,87.25386835,1.15,100.3631395,1.000472806,386.0578059,10.64476392,-95.45991561,618.8630802,10.4,11.7,0.47
5/3/2021,205.7473684,411.6178947,952.4278737,7.624627368,6.973792211,11.53834093,37.36673684,100.4092632,29.14049663,1.2,10.4,37.36165853,4.036941158,87.31249474,1.15,100.4081425,1,411.6326316,11.53924425,-172.1515789,615.2955789,10.695,9.53,0.4
5/4/2021,201.772,367.8202105,938.6785642,7.525705263,7.032436084,12.50571754,37.54778947,100.7936842,28.46366568,1.2,11.7,37.54723053,5.627656737,87.10105305,1.15,100.7457488,1.001293368,367.8578947,12.50486179,-266.3397895,555.1128421,12.025,9.54,0.45
5/5/2021,198.7723202,360.6404333,903.0894077,7.607489169,7.029765619,11.7369868,35.25243171,100.3962945,27.20684295,1.2,9.53,35.15094169,8.670142087,86.93819616,1.15,100.3939833,1.001254107,360.6402917,11.73736457,-238.5437482,563.3526113,9.795,9.81,0.4
5/6/2021,206.9292632,359.3452632,1012.174143,7.768856842,7.097362737,17.52201514,37.43221053,103.9473684,25.454856,1.2,9.54,37.45977032,14.93291347,87.37167474,1.15,103.8747194,1,359.3105263,17.52143493,-105.0166316,636.6663158,9.935,8.48,0.51
5/7/2021,243.3580169,320.3331224,917.2009979,7.739951477,7.026877785,15.21677928,39.59029536,104.4761603,27.16461414,1.2,9.81,39.59887785,14.97769072,89.33096456,1.15,104.6889015,1.002574051,320.3772152,15.21521789,-135.0369198,587.8183544,10.25,11.3,0.64
5/10/2021,222.2004211,349.0673684,916.6060905,7.693627368,6.974978968,23.54672366,36.86421053,106.4633684,25.55666253,1.194105263,8.48,36.88144589,14.85621053,88.19178021,1.15,106.4203575,1,349.1541053,23.54500781,-282.0012632,564.8924211,8.785,9.89,0.54
5/11/2021,161.6905063,354.8204641,908.6385084,7.749940928,7.062914684,21.56835511,33.40084388,101.6972574,23.40101308,1.2,11.3,33.39348502,14.64255464,85.45922046,1.15,101.6746907,1.014030886,354.8443038,21.56760068,-331.1194093,557.3778481,11.705,6.91,0.65
5/12/2021,269.586121,319.0959839,835.7836178,7.723565986,7.056824412,11.24271159,36.81337553,101.6939002,28.49393291,1.2,9.89,36.81920487,14.74487619,90.7513994,1.119052632,101.7079202,1.001234953,319.0404969,11.2424019,-232.0872501,635.8312685,10.275,6.25,0.61
5/14/2021,272.8327004,229.2265823,866.0306751,6.863845992,7.165459916,12.09102359,37.94029536,113.521519,27.95427384,1.2,6.91,37.96415802,15.17264979,90.91200485,1.231434599,113.5745397,1.00671116,229.243038,12.09005019,-190.0886076,659.0056962,7.18,4.19,0.51
5/18/2021,610.8567929,228.0966592,584.7579443,7.556592428,5.982887506,16.94246893,43.76971047,121.7628062,46.07093586,1.2,6.25,44.11041759,17.50888575,123.0406303,1.013919822,126.5443408,0.848770668,228.1026726,16.94314655,-149.842539,934.2895323,6.53,5.37,0.41
5/19/2021,290.0743755,211.2721559,740.3621078,7.791098292,6.925762314,10.88639021,38.22383678,99.41561581,29.95770157,1.2,4.19,38.25883088,14.86005368,104.1761316,0.954210526,99.48304929,1,211.2694242,10.88635521,-145.0318461,577.3762294,4.38,7.07,0.48
5/20/2021,307.9277247,191.6526005,669.6232771,7.581049071,6.817091241,8.868620981,37.25284932,94.71700444,30.306929,1.2,5.37,37.34761408,14.8507,105.2383532,0.9,94.75157643,1,191.6407103,8.871026039,-185.6417639,686.2257512,5.535,7.07,0.36
5/21/2021,260.071308,247.7301688,820.7851899,7.664732068,6.890314515,13.92643698,38.42805907,102.0696203,27.46921941,1.2,7.07,38.43459367,14.8507,103.6708414,0.980168776,102.02968,1,247.7457806,13.92705154,-361.3835443,686.6056962,7.33,7.65,0.42
5/25/2021,242.0050526,288.7776842,793.0675284,7.499682105,6.736596695,12.05006533,34.41978947,110.7402105,26.33662821,1.2,7.07,34.42497263,14.8507,101.1877002,1.094105263,110.7163219,1,288.7692632,12.05048815,-384.9101053,688.3541053,7.42,5.03,0.54
5/26/2021,234.4592827,291.342616,840.5561709,7.718672996,6.926289557,11.09057473,32.89683544,111.2396624,26.19083819,1.2,7.65,32.7910557,14.8432038,101.1156738,1.1,111.2272342,1.000288608,291.3324895,11.09001504,-396.3780591,682.7949367,7.93,7.01,0.53
5/27/2021,289.4842375,240.5747525,765.6294771,7.430981596,6.675329348,11.84835723,38.97037751,117.1107297,28.95349706,1.2,5.03,37.32469149,15.28940639,103.7151823,1.1,115.2622415,1.000519773,240.5761585,11.84810091,-321.7806609,696.5315406,5.205,6.65,0.46
5/28/2021,298.4124473,260.2132911,903.2244473,7.446970464,6.750617806,13.24784865,39.42790806,111.6844137,28.36322405,1.2,7.01,38.09814916,14.81063038,102.3306477,1.1,112.9980338,1,260.2185654,13.24632565,-398.1107595,671.2468354,7.44,7.15,0.59
5/31/2021,260.417234,253.3117021,690.3937596,7.523544681,6.61897283,9.638428745,32.33263004,106.1429487,27.53452617,1.2,6.65,33.33144362,14.82705915,99.84290511,1.1,109.8272094,1,253.3255319,9.638473468,-402.6906383,641.2459574,6.935,8.11,0.57
6/1/2021,239.0082278,328.235865,827.9604346,7.332746835,6.826807194,12.48514749,33.58935878,95.94452954,25.87280759,1.2,7.15,34.25830295,14.74561835,98.43998565,1.003164557,98.87527848,1,328.2723629,12.48492892,-410.8457806,673.6377637,7.37,8.41,0.44
6/2/2021,210.6420459,331.9231364,876.9407476,6.826799028,6.640148114,12.61364747,34.73686306,98.88701881,25.88382631,1.2,8.11,33.55217714,16.62646461,96.58545897,1,97.68676826,0.99985786,331.8179391,12.61257129,-320.4247943,628.8345859,8.32,9.41,0.52
6/3/2021,219.1096842,389.8667368,763.1858758,7.107692632,6.742177811,15.81606398,36.16556779,89.16424589,25.39009958,1.2,8.41,36.19468021,16.38515284,97.13877663,0.909894737,89.64557705,1,389.8930526,15.81660735,-411.5898947,638.0652632,8.8,8.95,0.59
6/4/2021,211.4278481,348.621308,925.1956878,6.867556962,6.842776034,13.13515544,35.12380211,96.41984494,25.50348692,1.2,9.41,35.08409557,18.83176962,98.05223565,0.987763713,96.86391139,1,348.656962,13.13493709,-407.3457806,585.8776371,9.86,10.4,0.61
6/7/2021,205.2772152,345.8023207,956.9732257,7.341687764,6.779701414,13.06324665,33.55720992,106.1741652,24.09331266,1.2,8.95,33.57783523,15.44001435,97.48951287,1.094725738,106.7376124,1,345.7793249,13.06466492,-419.5993671,578.7489451,9.28,9.01,0.57
6/8/2021,207.7747368,373.2511579,849.1917495,7.478507368,6.889428821,11.85846754,31.94300947,96.35947095,24.67175937,1.2,10.4,31.98647811,14.75443095,96.24611495,1.007578947,97.00520589,1,373.2456842,11.85848387,-416.028,564.6671579,10.8,9.43,0.71
6/9/2021,211.1802529,361.5808998,903.4532532,7.261248159,6.804573526,11.73427927,30.99615241,99.89761626,24.19325553,1.2,9.01,31.02219408,14.79324889,96.45196971,1.031715893,100.3178441,1,361.4686507,11.73444263,-419.8591822,501.7036365,9.24,8.71,0.53
6/10/2021,217.9953684,391.4185263,976.5757705,7.361463158,6.790637179,12.70348059,33.33487768,90.24345516,24.42656337,1.2,9.43,33.286852,15.03603305,96.84029811,0.932,90.56661895,1,391.4650526,12.70334859,-440.6534737,528.3903158,9.82,10.9,0.7
6/11/2021,201.8291139,411.5128692,1013.534705,7.450723629,6.829551414,13.85339219,33.59013122,87.54486329,24.73709325,1.2,8.71,33.63443101,14.73471329,97.60407236,0.9,87.95395359,1,411.3972574,13.85343586,-183.9451477,416.1160338,9.015,10.2,0.68
6/14/2021,205.9311579,356.3669474,896.1856,7.525183158,6.754930337,14.20402629,35.38508274,94.38703916,25.13458484,1.2,10.9,35.36415937,14.83128589,96.52421789,0.983578947,95.02610863,1,356.3791579,14.20335156,-125.2475789,361.3393684,11.21,9.74,0.62
6/15/2021,193.885865,323.8204641,927.9618713,7.201721519,6.819442553,12.63199386,32.42013207,86.44894684,24.34206667,1.2,10.2,32.40533692,14.84303565,95.49086076,0.908860759,86.88824262,1,323.9194093,12.63160692,-144.2105485,354.3031646,10.55,10,0.59
6/16/2021,195.7841614,350.6512796,882.762456,7.382108086,6.782989706,11.0307534,31.61819063,90.9807966,24.76328219,1.2,9.74,31.64363656,14.91040581,95.61398841,0.962447257,92.32065606,1,350.8059307,11.02944156,-212.2600687,393.686672,9.975,9.95,0.53
6/17/2021,198.9183158,320.6770526,934.4600758,7.357412632,6.744633263,14.90536568,34.86663053,89.97581474,24.01110126,1.2,10,34.90240989,14.83947937,95.72466905,0.939789474,90.39590211,1,320.6389474,14.904996,-328.0311579,462.6402105,10.37,9.97,0.59
6/18/2021,197.1710359,378.3934461,1023.405281,7.360194503,6.838337252,14.53946004,34.22802093,93.93397759,23.52643362,1.2,9.95,34.2416,14.95725328,95.51360359,0.989429175,94.60574482,1,378.4213531,14.5393351,-400.905074,453.4725159,10.33,9.13,0.66
6/21/2021,248.0926316,456.2785263,922.0698758,7.357549474,6.881284611,12.55507686,34.64530779,106.8476171,25.80994884,1.2,9.97,34.64985158,14.59833895,98.68132421,1.086315789,107.4710638,1,456.1113684,12.55453316,-358.8753684,517.14,10.32,7.42,0.73
6/22/2021,227.2459916,291.0740506,889.4461139,7.301892405,6.787099979,11.88549616,33.38109325,101.2239044,25.44092089,1.2,9.13,33.36866414,14.90556582,98.22986667,1.025316456,101.7580082,1,291.0837553,11.88358283,-346.0839662,509.699789,9.44,8.15,0.65
6/23/2021,209.9730945,285.1594688,838.6044783,7.388056259,6.761551297,11.75513588,32.44489825,99.80902281,24.65667087,1.2,7.42,32.43608112,14.84195443,97.15689296,1.0302391,100.328192,1,285.1827402,11.7547751,-433.7346265,491.9178028,7.635,9.29,0.51
6/24/2021,218.9650526,304.5273684,871.7531411,7.285252632,6.663099137,16.69046105,36.66103895,92.05619958,24.86993621,1.2,8.15,36.65761074,15.28858063,98.63807895,0.918526316,92.56590484,1,304.5463158,16.69131621,-432.9894737,505.592,8.47,9.16,0.57
6/25/2021,208.5780591,347.2090717,869.0776456,7.198489451,6.780435549,13.64751169,33.58333101,84.05856519,24.07305654,1.2,9.29,33.53965865,14.79260443,97.68097426,0.856223629,84.42015063,1,347.2018987,13.64502812,-426.7879747,518.657173,9.64,9.04,0.62
6/28/2021,196.6367089,326.5097046,884.2452743,7.331023207,6.732005084,14.48558806,33.2943884,77.97406667,23.85254304,1.2,9.16,33.28810338,14.78228143,95.66040759,0.8092827,78.33675949,1,326.5092827,14.48601751,-431.6985232,478.5677215,9.475,8.86,0.63
6/29/2021,189.6084388,325.6128692,819.8285992,7.262179325,6.648930907,13.17519791,31.76272595,75.76905169,24.25876034,1.2,9.04,31.74882025,15.20265654,95.13253861,0.8,76.14526477,0.973222247,325.5238397,13.17492006,-397.1329114,445.9957806,9.355,9.96,0.62
6/30/2021,177.8984233,308.7456593,714.7662883,7.274687746,6.734020713,11.93502113,30.72110066,80.80240546,23.84730695,1.2,8.86,30.73242756,14.84721922,94.38467731,0.854596491,81.22744685,1,308.7337202,11.93491232,-429.9869907,402.9779483,9.1,7.1,0.49
7/1/2021,191.9392405,376.8793249,959.8765802,6.932175105,6.690563228,14.9128742,34.79011287,87.92166688,23.60768966,1.2,9.96,34.78707511,16.4074462,97.18079051,0.90907173,88.31632447,1,376.8586498,14.91283791,-416.3907173,434.4694093,10.34,8.78,0.55
7/2/2021,189.921308,391.921519,954.0613565,7.254725738,6.697403228,16.16072384,33.87366308,79.32139241,23.69970148,1.2,7.1,33.79495,14.65590949,96.99376477,0.812236287,79.71199219,1,391.9242616,16.16095211,-407.121519,369.0175105,7.4,10.8,0.68
7/5/2021,173.0951579,393.9825263,854.7882842,6.825858947,6.559159263,16.90042484,32.53456632,78.41831074,23.79661979,1.2,8.78,32.54641516,14.28003874,95.81766695,0.8,78.77236232,1,393.9713684,16.90054063,-411.3701053,439.0172632,9.145,10.3,0.68
7/6/2021,176.0097046,365.728481,890.1028333,7.279303797,6.650736772,32.57613439,34.0260597,82.11557848,23.13063481,1.2,10.8,34.0589057,14.82579241,96.12334536,0.8,82.56719304,1,365.764135,32.57726519,-436.6432489,400.9107595,11.215,7.44,0.62
7/7/2021,195.24557,316.0969045,861.2229073,7.386839023,6.666245372,31.72745227,36.85741969,87.64676791,24.56448364,1.2,10.3,36.84492212,15.02672508,97.46567298,0.90140647,93.4616992,1,316.1159942,31.72713137,-426.3257655,443.4003081,10.51,5.98,0.56
7/8/2021,297.1295359,275.006962,738.0546245,7.342869198,6.639887595,14.97801859,40.37140331,94.16423903,29.49822616,1.2,7.44,41.09208544,15.16081519,102.2934245,0.911181435,94.63794705,1,275.014346,14.97766918,-397.193038,574.5301688,7.775,7.14,0.56
7/9/2021,213.9107368,241.5216842,861.6366337,7.457027368,6.750499642,8.891316484,30.72866926,71.64475263,25.12590211,1.2,5.98,30.71827011,14.81690358,96.842176,0.721052632,71.99861705,1,241.5189474,8.891694505,-393.3717895,504.1378947,6.26,9.73,0.51
7/12/2021,185.8084388,281.1873418,890.3731371,7.414919831,6.696235696,9.793589451,28.88796139,69.69361793,23.6483962,1.2,7.14,28.85357278,14.8507,94.96233882,0.7,70.0318692,1,281.1959916,9.793485063,-388.2508439,451.9886076,7.305,7.04,0.41
7/13/2021,190.7012632,287.0543158,862.3593642,7.455212632,6.713376947,10.01851501,29.94038884,66.92515895,23.93925853,1.2,9.73,29.91223158,14.839004,95.27533032,0.7,67.25457621,1,287.0654737,10.01849739,-419.5966316,459.6827368,9.92,8.17,0.49
7/14/2021,211.1965005,229.0669448,766.5521957,7.322380514,6.650495518,9.088040693,31.0924497,66.1017872,25.59351147,1.2,7.04,32.01825552,14.7779007,96.62056367,0.7,67.97572197,1,,,-387.9649418,474.3600092,7.22,8.16,0.47
7/15/2021,185.743038,621.4656118,887.6217532,7.010179325,6.633791941,9.133456013,31.75723755,66.17156793,25.88387257,1.2,8.17,31.81365506,13.8749538,94.95616603,0.7,66.46991076,1,621.4721519,9.132599219,-378.571519,465.3630802,8.375,9.25,0.39
7/16/2021,194.1991579,434.6385263,821.8471074,7.296821053,6.655168421,13.31363604,34.35650884,66.98746905,25.01327958,1.2,8.16,34.34060295,14.35362,95.51181558,0.7,67.33584232,1,434.6768421,13.3134428,-378.6907368,476.8865263,8.37,7.69,0.41
7/19/2021,181.4237895,372.3894737,749.0383747,7.344454737,6.590268926,9.644428905,30.01357221,65.90434968,24.40643937,1.2,9.25,30.05664337,14.681108,94.67184484,0.7,66.27242337,1,372.3755789,9.644099432,-198.8195789,454.5581053,9.575,7.93,0.49
7/20/2021,176.9474684,302.8257384,795.0447215,7.399767932,6.669758333,11.25068289,31.73405654,65.69398523,24.37122004,1.2,7.69,31.72670021,14.81260781,94.38188945,0.7,66.10915907,1,302.8544304,11.25133968,-191.4742616,456.4921941,7.98,8.08,0.46
7/21/2021,163.0941632,381.9528833,825.4821006,7.456055556,6.674771864,7.019255316,28.6155552,65.13919669,23.47932679,1.2,7.93,28.61645141,14.64363474,93.47320457,0.7,65.43593024,1,381.9540788,7.020001674,-257.9627286,461.8187764,8.135,8.77,0.42
7/22/2021,166.0785263,455.8597895,1029.0314,7.374258947,6.701467516,13.28963724,32.55978589,65.37009179,23.91770884,1.2,8.08,32.63478842,14.011512,93.66483579,0.7,65.75933326,1.0030636,455.8997895,13.29005886,-312.7069474,452.8309474,8.27,9.1,0.45
7/23/2021,170.6810127,469.1050633,893.7495591,7.270983122,6.701657764,12.28173089,30.29551203,65.45339346,23.24183439,1.2,8.77,30.28185316,14.35550148,93.9722097,0.7,65.77899873,1,469.3700422,12.28183827,-400.4044304,449.6274262,9.03,9.66,0.54
7/26/2021,167.4362105,519.9425263,857.0914695,7.460389474,6.590236926,9.2753072,28.18199326,65.33811495,23.52865495,1.2,9.1,28.15882695,14.22606653,93.75784947,0.7,65.63049347,0.997844571,519.9414737,9.275121179,-404.9292632,446.1204211,9.375,8.01,0.55
7/27/2021,164.2103376,405.8109705,887.2965105,7.507147679,6.731315295,11.05568662,29.88192173,65.28853354,22.75780359,1.2,9.66,29.83916582,14.54889262,93.54927954,0.7,65.72460907,1,405.8128692,11.0555542,-421.7402954,442.7837553,9.83,8.38,0.4
7/28/2021,179.6359843,434.2729226,844.9726295,7.226342671,6.705888326,7.011825212,29.55432336,65.91656492,24.1630834,1.2,8.01,29.54639773,14.41490395,94.55641977,0.7,66.23056072,0.999809803,434.2794663,7.011643519,-424.8435591,454.4607419,8.16,4.23,0.52
7/29/2021,426.5662447,389.8255274,469.3866076,7.209911392,6.601284304,8.328058692,41.55608122,77.11441793,34.34013544,1.2,8.38,41.61675148,14.84266646,110.7200601,0.7,77.50703333,0.999661648,389.6734177,8.328467637,-205.7822785,692.6508439,8.585,3.5,0.44
7/30/2021,345.493038,187.8394515,503.1068734,7.383620253,6.614864451,7.576025232,37.66533797,73.45389409,31.37713776,1.2,4.23,37.63659367,15.09760295,105.4110023,0.7,73.78670802,0.999661591,187.8305907,7.575943186,-270.950211,619.2124473,4.375,3.7,0.37
8/2/2021,426.4246316,228.7463158,461.6766105,7.293391579,6.565713095,5.597922316,41.31436189,77.15782042,34.50798926,1.2,3.5,41.30567789,14.61620147,110.7168354,0.7,77.50176484,1,228.6570526,5.598009726,-352.5130526,712.1835789,3.615,9.5,0.34
8/3/2021,258.4702532,230.0293249,612.7139747,7.446630802,6.625504515,6.374093439,33.417877,69.44498797,27.8451173,1.2,3.7,33.43700295,14.79022257,99.71493776,0.7,69.81226245,1,230.0748945,6.373635738,-400.8244726,529.1029536,3.79,8.07,0.38
8/4/2021,204.9352817,327.2595474,751.5342892,6.965820033,6.714374919,7.004644035,31.06961444,67.01940026,25.60461533,1.2,9.5,31.1009937,14.46045087,96.21324361,0.7,67.36292571,1,327.2342387,7.001714668,-434.0664028,477.5253184,9.605,10.7,0.33
8/5/2021,198.4189474,399.4528421,801.9555053,6.843366316,6.7045616,11.44404396,32.33722842,66.75396126,24.60378168,1.2,8.07,32.34890042,14.321456,95.78376758,0.7,67.191556,1,399.3656842,11.44415366,-436.2465263,475.6378947,8.27,9.18,0.41
8/6/2021,209.65,325.912212,898.2508687,7.220278802,6.776605023,8.924823272,29.50583226,67.21527442,24.57991198,1.2,10.7,29.49840737,14.70668963,96.52247558,0.7,67.56573111,1,325.8698157,8.924917926,-429.0138249,482.2769585,11.16,8.32,0.62
8/9/2021,209.0245283,332.7334232,793.6577817,7.298916442,6.754986092,11.29401647,30.5987186,67.21720189,24.87003612,1.2,9.18,30.63540728,14.77582668,96.48022453,0.7,67.53618113,1,332.7803235,11.2944003,-440.2266846,478.7280323,9.535,7.83,0.63
8/10/2021,197.3926316,323.6147368,822.0114568,7.48252,6.750290737,8.965936695,29.14116021,66.66687368,24.13077874,1.2,8.32,29.11211368,14.818536,95.71692863,0.7,67.06020632,1,323.5837895,8.965976989,-442.836,466.3652632,8.56,8.99,0.5
8/11/2021,191.3186109,323.5587035,837.3903927,7.493524507,6.752030001,8.454375708,29.33207393,66.422842,23.86328545,1.2,7.83,29.2821105,14.81558938,95.32012735,0.7,66.75680343,1,323.5649471,8.451398011,-446.4521889,462.4646809,7.96,8.37,0.46
8/12/2021,195.4740506,336.3675105,876.1895485,7.346335443,6.758429873,8.911847342,28.41849578,66.73611392,23.69136582,1.2,8.99,28.4296384,14.81260781,95.59286941,0.700316456,66.9466154,1,336.2542194,8.912515443,-451.8597046,472.328692,9.285,9.2,0.57
8/13/2021,195.5709474,337.8837895,904.8038084,7.304762105,6.735774337,10.31845621,28.756584,66.63592211,23.68899432,1.2,8.37,28.78649411,14.80684,95.59724021,0.7,66.91779537,1,337.876,10.31824678,-450.3818947,472.3692632,8.595,8.89,0.57
8/16/2021,200.1557203,387.5205508,898.9427182,7.228493644,6.732214407,11.15358083,29.96756038,66.75296398,23.54575445,1.2,9.2,29.98887754,14.72416886,95.89772881,0.7,67.12840869,1,387.5311441,11.1537429,-456.7144068,474.4076271,9.51,8.6,0.63
8/17/2021,206.0850211,320.4084388,865.5786709,7.463962025,6.813824979,11.03439051,30.76946392,67.09211224,24.19696899,1.2,8.89,30.76405274,14.8507,96.22408544,0.7,67.35734662,1,320.3921941,11.03376958,-456.7398734,480.3189873,9.16,8.73,0.64
8/18/2021,201.0899424,298.6016873,875.0784555,7.536377855,6.772481854,9.741268675,30.18182307,66.83855122,24.2549401,1.2,8.6,30.17340563,14.94487726,95.90766404,0.7,67.15020924,1,298.6007676,9.740648755,-447.0021116,477.7655103,8.84,8.34,0.56
8/19/2021,218.3164557,329.3624473,880.7505316,7.535021097,6.794015,11.93826945,33.05953713,67.64450063,24.85100633,1.2,8.73,33.03724831,14.87380506,96.97087342,0.7,67.87921076,1,329.3599156,11.9382146,-440.678692,497.506962,9.005,9.25,0.56
8/20/2021,217.907173,362.1829114,867.4727553,7.394675105,6.738573186,11.92622251,31.88258397,67.33857806,24.69879662,1.2,8.34,31.85224241,14.78902975,96.88873523,0.7,67.86522911,1,362.1679325,11.92706519,-449.4097046,483.4605485,8.63,8.88,0.59
8/23/2021,197.4587368,478.2381053,871.2874421,7.548616842,6.840677011,13.16087158,32.38365137,66.39542358,24.16076842,1.2,9.25,32.37602589,14.46098653,95.35858905,0.7,66.751228,1,478.7652632,13.16046337,-451.3008421,484.9869474,9.525,8.8,0.59
8/24/2021,201.1694093,337.1221519,903.2856224,7.503594937,6.792794198,11.92255392,31.48475443,66.75414831,24.03832468,1.2,8.88,31.5142789,14.79049219,95.84830654,0.7,67.12152257,1,337.1291139,11.92268895,-448.9833333,465.464557,9.25,9.53,0.63
8/25/2021,194.6748242,389.1706048,896.7600176,7.503233474,6.764600148,10.3483412,29.45438706,66.33220584,23.64131828,1.2,8.8,29.45965134,14.7654628,95.33267672,0.7,66.73346948,1,389.2115331,10.34946301,-443.9618847,453.2872714,9.085,10.6,0.6
8/26/2021,206.3219409,361.7491561,942.5783565,7.513339662,6.793999726,12.20896447,32.96603186,66.9115884,24.16497722,1.2,9.53,32.96156266,14.79046414,96.13377975,0.7,67.2936443,1,361.771097,12.20826686,-439.6506329,471.6833333,9.885,8.55,0.67
8/27/2021,212.4208421,327.3831579,929.60304,7.500134737,6.778372842,12.45156857,33.59684,67.20709347,24.40132421,1.2,10.6,33.56239684,14.93094253,96.58674526,0.7,67.61111874,1,327.4282105,12.45155164,-433.2646316,472.0246316,10.85,9.95,0.6
8/30/2021,209.2662447,315.2090717,769.2345591,7.447877637,6.765933481,12.095472,32.18095738,67.25161329,24.84096878,1.2,8.55,32.19056371,14.8507,96.41232152,0.7,67.48819346,1,315.2238397,12.09501441,-434.8438819,472.5208861,8.875,9,0.64
8/31/2021,203.5612632,333.092,859.1185179,7.636435789,6.834497326,12.16165926,31.99753368,67.05183705,24.53505474,1.2,9.95,31.98048189,14.79248905,96.00511516,0.7,67.47485116,1,333.1153684,12.16077867,-415.0736842,465.0625263,10.275,9.07,0.56
9/1/2021,196.4917716,332.6767472,862.0606121,7.521053878,6.774767023,10.30328598,29.69415001,63.84998062,24.02830511,1.2,9,29.69141659,14.8725767,95.5494282,0.7,66.90440604,1,332.6841292,10.30387627,-414.8884402,470.0590424,9.25,10.6,0.54
9/2/2021,207.2544304,418.721308,912.7583122,7.495221519,6.714584641,13.12274409,32.5307962,66.94095675,23.81569747,1.2,9.07,32.51927743,14.80054895,96.09990865,0.7,67.28369241,1,418.7075949,13.12454105,-414.0470464,474.9921941,9.355,10,0.58
9/3/2021,210.4436709,443.3976793,922.9996287,7.52728481,6.784321097,12.26206032,31.37022722,67.03492426,24.21213924,1.2,10.6,31.36052848,14.6909865,96.2570057,0.7,67.42395844,1,443.3116034,12.26196863,-403.4421941,474.1624473,10.91,10.4,0.66
9/6/2021,203.8694737,563.2591579,890.3107747,7.489315789,6.768745474,12.34908665,31.52781916,66.55592526,23.99809074,1.2,10,31.57175537,14.40724737,95.62759453,0.7,66.93958168,1,563.3294737,12.34904686,-408.9648421,476.5332632,10.29,9.72,0.63
9/7/2021,202.6702532,418.8238397,847.5772489,7.575164557,6.844927025,13.22567772,33.8274538,66.72900675,24.26419747,1.2,10.4,33.8195038,14.73263481,95.79572869,0.7,67.10090633,1,418.8514768,13.22598384,-418.5010549,482.8888186,10.73,11,0.64
9/8/2021,193.4040343,354.9405981,833.5624645,7.516825407,6.781064277,12.12442149,31.02736543,66.65904195,23.97959756,1.2,9.72,31.01093717,14.95602459,95.31169705,0.7,67.0750334,1,354.9304862,12.12478671,-418.0632041,469.4183254,9.99,10.2,0.57
9/9/2021,202.6267932,378.1337553,894.8983397,7.444810127,6.707365759,13.0221357,32.96030865,66.7745462,23.81242089,1.2,11,32.92893207,14.87828059,95.86770781,0.7,67.13490105,1,378.1732068,13.02211745,-393.0236287,481.7654008,11.395,10.1,0.64
9/10/2021,205.5449367,335.9331224,876.4998713,7.510696203,6.780902722,11.21473169,31.26752616,66.89665127,24.29623143,1.2,10.2,31.24946603,14.88879747,96.12997722,0.7,67.29189114,1,335.9668776,11.21368865,-423.7864979,480.3835443,10.61,9.99,0.71
9/13/2021,207.3318565,401.1824895,926.5513797,7.563964135,6.839933038,12.7615542,33.70133671,67.01843945,24.08571814,1.2,10.1,33.70618797,14.82105253,96.13449093,0.7,67.29342089,1,401.1597046,12.76230568,-430.9170886,487.0890295,10.41,8.78,0.61
9/14/2021,190.9318565,375.8736287,870.796443,7.473447257,6.75271846,12.31250565,30.86065274,66.39876857,23.60064262,1.2,9.99,30.89152848,14.81403692,95.11055738,0.7,66.63209578,1,375.8748945,12.30789595,-404.1107595,469.649789,10.22,8.81,0.6
9/15/2021,222.0131055,334.9375261,814.2590669,7.487272957,6.756923454,13.8893686,34.24027545,68.41942047,25.40543971,1.2,8.78,34.24809489,14.83470209,97.20280693,0.7,68.76093818,1,334.9279821,13.88941063,-377.8670948,496.116941,9.075,8.76,0.61
9/16/2021,185.771308,356.1392405,870.8788059,7.52078481,6.748169156,13.87694485,31.66674684,66.30685675,23.71766498,1.2,8.81,31.66951287,14.80559325,94.81412173,0.7,66.62912574,1,356.207173,13.87728629,-372.3995781,482.0599156,9.52,9.54,0.83
9/17/2021,207.1863158,360.4225263,963.1637705,7.565147368,6.812721453,13.61188263,34.68756842,67.08730737,24.10118758,1.2,8.76,34.65719074,14.93929621,96.19478989,0.7,67.37725032,1,360.3882105,13.61135821,-403.3917895,486.5052632,9.135,9.31,0.64
9/20/2021,221.2749474,336.884,871.0956126,7.473151579,6.765375663,11.95492029,31.36418,67.57241979,24.77078189,1.2,9.54,31.34196905,14.8507,97.15078653,0.7,68.00583432,1,336.8530526,11.95567293,-444.1063158,499.5042105,9.865,9.62,0.67
9/21/2021,205.6978903,452.0029536,885.2736139,7.590027426,6.807591287,13.42158736,33.96647785,66.76300844,24.17804177,1.2,9.31,33.98830781,14.62765654,95.93768397,0.7,67.18651287,1,452.0295359,13.41543386,-445.3227848,487.8799578,9.62,10,0.62
9/22/2021,194.8224387,387.4203007,900.3590988,7.507686402,6.735390201,11.48173493,30.76083122,66.40164473,23.74981747,1.2,9.62,30.77691643,14.88385582,95.34421411,0.7,66.75437595,1,387.4111512,11.48080433,-413.8559408,481.1959275,9.885,8.92,0.59
9/23/2021,222.9613924,392.1708861,858.682173,7.429164557,6.709860084,11.41361886,30.97286245,67.73630759,24.78153397,1.2,10,30.91758903,14.77810127,97.16550359,0.7,68.02794641,1,392.1175105,11.41345409,-405.7791139,510.9033755,10.315,9.82,0.63
9/24/2021,224.2543158,373.6130526,949.4840716,7.602461053,6.862980779,12.745912,34.43786716,67.25758168,24.76889474,1.2,8.92,34.42307095,14.85169263,97.27975495,0.7,68.12553284,1,373.5968421,12.74600442,-424.9877895,506.4263158,9.215,8.75,0.6
9/27/2021,258.4672996,616.4086498,791.0728101,7.423059072,6.740291561,12.71134627,35.90230738,69.1182557,26.4957519,1.2,9.82,35.90872215,14.26013586,99.06922046,0.7,69.36261139,1,616.4084388,12.71167264,-413.3333333,540.4951477,10.13,9.02,0.66
9/28/2021,217.5440928,308.8875527,793.8284177,7.10721097,6.745070612,10.44955709,32.1923154,67.4683038,26.49253354,1.2,8.75,32.20084958,18.49029156,96.95493059,0.7,67.88221456,1,308.9092827,10.44849475,-439.4829114,500.9082278,9.03,8.22,0.64
9/29/2021,248.289805,317.9252679,840.0510699,7.142837973,6.818808573,9.464518204,34.04196513,68.97240377,26.92795659,1.2,9.02,34.104081,17.29795291,98.93570693,0.7,69.34232007,1,317.9196515,9.464959158,-435.1207006,552.0581024,9.23,6.26,0.42
9/30/2021,303.8395789,232.0204211,648.2887368,7.427951579,6.876708737,10.38728716,37.73888779,71.50872421,28.74724989,1.2,8.22,37.66174884,14.8507,102.6900754,0.7,71.88417663,1,232.0044211,10.38729882,-436.3423158,645.3732632,8.455,7.58,0.51
10/1/2021,298.1237996,257.0898734,742.4150759,7.414229958,6.881360148,12.81911785,36.95282932,72.06339283,28.49105992,1.2,6.26,36.98630865,14.87755316,102.2778093,0.7,72.4395962,1,257.0837553,12.81930061,-435.5272152,628.0004219,6.46,5.32,0.46
10/4/2021,350.8583711,199.9067437,557.1180175,7.30569174,6.887919368,9.638725786,37.21456651,73.67742726,30.81337925,1.2,7.58,37.21107355,14.85069231,105.8002418,0.7,74.05981135,1,157.9537572,7.300153603,-422.5809249,685.6595376,7.975,1.27,0.62
10/5/2021,904.2553072,205.8209722,386.322726,7.002068042,6.658600261,10.55975385,54.55433675,94.51851926,50.00377689,1.2,5.32,56.93400976,14.36647706,135.8462807,0.7,95.09239621,0.996318926,0,0,-39.3325,1206.319028,5.505,1.97,0.42
10/6/2021,844.070598,107.3975147,353.9212203,6.935676146,6.655087066,11.35495036,51.63981816,92.8909576,46.26937735,1.2,1.27,53.59484579,14.37160023,132.8439891,0.7,93.37568512,1,104.6823704,11.18726898,-337.0544688,956.1362145,1.505,3.04,0.67
10/7/2021,513.7358882,170.6841772,339.0350549,7.157223629,6.769467131,11.28887802,46.94417405,81.17762257,35.17003903,1.2,1.97,47.03457679,14.82139831,116.4255591,0.7,81.53572848,1,170.6966245,11.29105882,-420.2067511,745.6620253,2.065,3.94,0.39
10/8/2021,386.8515853,466.8903158,340.7614,7.223858947,6.834796168,7.617558147,37.31698611,74.89174358,31.10700989,1.2,3.04,37.32833158,14.39813453,107.6647499,0.7,75.36562611,1,466.9273684,7.618049495,-429.3572632,703.6105263,3.155,6.01,0.38
10/11/2021,299.7882342,233.9664557,651.6477363,7.330563291,6.795208692,9.950477764,36.71573903,71.37849895,28.82332257,1.2,3.94,36.69633312,14.77198987,102.4237745,0.7,71.69664409,1,233.7561181,9.949456624,-430.3968354,649.985865,4.055,7.81,0.4
10/12/2021,297.6672637,215.6147679,664.6045717,7.262599156,6.815075359,9.963183734,36.75012932,71.25938776,28.7701846,1.2,6.01,36.75508186,14.81696709,102.322854,0.7,71.64083734,1,215.6164557,9.963031709,-421.5413502,594.5580169,6.205,7.88,0.45
